#{"t_start": 1560175798.8902123, "env_id": "iCubReach-v0"}
r,l,t
-145.355498,501,2.883798
